epoch,time,train/box_loss,train/cls_loss,train/dfl_loss,metrics/precision(B),metrics/recall(B),metrics/mAP50(B),metrics/mAP50-95(B),val/box_loss,val/cls_loss,val/dfl_loss,lr/pg0,lr/pg1,lr/pg2
1,20.2179,1.43575,2.79971,1.56066,0.53032,0.47975,0.50045,0.26182,1.47759,2.03384,1.8634,0.000329787,0.000329787,0.000329787
2,40.4405,1.37119,1.52396,1.43907,0.59942,0.66157,0.61473,0.3091,1.49272,1.35871,1.93837,0.000531823,0.000531823,0.000531823
3,64.034,1.29927,1.34498,1.4211,0.56902,0.60753,0.59881,0.34463,1.46857,1.27115,1.7696,0.000601858,0.000601858,0.000601858
4,89.5999,1.30789,1.24775,1.41374,0.6686,0.70394,0.72911,0.41206,1.31168,1.02382,1.6813,0.000406,0.000406,0.000406
5,115.021,1.20622,1.08981,1.35342,0.79479,0.8021,0.85373,0.52067,1.18388,0.85951,1.55203,0.000208,0.000208,0.000208
